"filename", "language", "Markdown", "Dart", "comment", "blank", "total"
"/Users/mbpro/Developer/Apps/Car-Social-Media-App/MAP_EVENTS_NOTES.md", "Markdown", 54, 0, 0, 8, 62
"/Users/mbpro/Developer/Apps/Car-Social-Media-App/MAP_EVENTS_PROGRESS.md", "Markdown", 104, 0, 0, 15, 119
"/Users/mbpro/Developer/Apps/Car-Social-Media-App/lib/core/di/injection.config.dart", "Dart", 0, 4, 0, 0, 4
"/Users/mbpro/Developer/Apps/Car-Social-Media-App/lib/features/map_events/data/datasources/map_events_api_data_source.dart", "Dart", 0, 20, 16, 1, 37
"/Users/mbpro/Developer/Apps/Car-Social-Media-App/lib/features/map_events/data/models/map_event_list_models.dart", "Dart", 0, 33, 3, 6, 42
"/Users/mbpro/Developer/Apps/Car-Social-Media-App/lib/features/map_events/data/repositories/map_events_repository_impl.dart", "Dart", 0, 18, 0, 1, 19
"/Users/mbpro/Developer/Apps/Car-Social-Media-App/lib/features/map_events/domain/entities/geocode_candidate.dart", "Dart", 0, 55, 21, 11, 87
"/Users/mbpro/Developer/Apps/Car-Social-Media-App/lib/features/map_events/domain/repositories/map_events_repository.dart", "Dart", 0, 7, 6, 1, 14
"/Users/mbpro/Developer/Apps/Car-Social-Media-App/lib/features/map_events/domain/usecases/map_event_reads.dart", "Dart", 0, 31, 7, 6, 44
"/Users/mbpro/Developer/Apps/Car-Social-Media-App/lib/features/map_events/presentation/pages/create_map_event_page.dart", "Dart", 0, 6, 4, 2, 12
"/Users/mbpro/Developer/Apps/Car-Social-Media-App/lib/features/map_events/presentation/pages/pick_event_location_page.dart", "Dart", 0, 296, 42, 42, 380
"/Users/mbpro/Developer/Apps/Car-Social-Media-App/lib/features/map_events/presentation/utils/drop_pin_marker.dart", "Dart", 0, 76, 30, 22, 128
"/Users/mbpro/Developer/Apps/Car-Social-Media-App/lib/features/map_events/presentation/widgets/location_picker/address_form_sheet.dart", "Dart", 0, 137, 9, 8, 154
"/Users/mbpro/Developer/Apps/Car-Social-Media-App/lib/features/map_events/presentation/widgets/location_picker/drop_pin_hint.dart", "Dart", 0, 97, 19, 11, 127
"/Users/mbpro/Developer/Apps/Car-Social-Media-App/lib/features/map_events/presentation/widgets/location_picker/geocode_result_list.dart", "Dart", 0, 170, 13, 11, 194
"/Users/mbpro/Developer/Apps/Car-Social-Media-App/lib/features/map_events/presentation/widgets/shared/map_event_stat_tiles.dart", "Dart", 0, -1, 0, 0, -1
"/Users/mbpro/Developer/Apps/Car-Social-Media-App/lib/l10n/app_localizations.dart", "Dart", 0, 24, 96, 24, 144
"/Users/mbpro/Developer/Apps/Car-Social-Media-App/lib/l10n/app_localizations_en.dart", "Dart", 0, 52, 0, 24, 76
"/Users/mbpro/Developer/Apps/Car-Social-Media-App/lib/l10n/app_localizations_ro.dart", "Dart", 0, 55, 0, 24, 79
"/Users/mbpro/Developer/Apps/Car-Social-Media-App/test/features/map_events/map_event_models_test.dart", "Dart", 0, 49, 0, 8, 57
"Total", "-", 158, 1129, 266, 225, 1778